"DES_GRUPO";"NUM_SEQUENCIAL";"DTA_MARCACAO";"DTA_CANCEL";"DTA_OPERADO";"NUM_ADMISSAO";"NUM_LISTA_ESPERA";"DES_PATOLOGIA";"NUM_PROCESSO";"DES_INTERV_CIRURGICA"
"UROLOGIA";"1606";"2017-11-07";"";"2017-11-24";"15009141";"44180";"HIPERPLASIA BENIGNA DA PROSTATA, NAO ESPECIFICADA, SEM OBSTRUCAO URINARIA";"7000563";"PROSTATECTOMIA TRANSURETRAL, NCOP"
"UROLOGIA";"110418";"2017-11-07";"";"2017-11-24";"15009142";"44181";"DOENCA DE PEYRONIE";"6003412";"LIBERTACAO DAS CORDAS PENIANAS"
"CIRURGIA PLASTICA";"15377";"2017-11-15";"";"2017-11-15";"15009019";"44182";"POTENCIAIS RISCOS DE SAUDE RELACIONADOS COM DOENCAS CONTAGIOSAS";"6005740";"MASTOPEXIA"
"ORTORRINOLARINGOLOGIA";"221944";"2017-11-09";"";"2017-11-29";"15009221";"44183";"SINUSITE CRONICA MAXILAR";"15006601";"INCISAO DE MULTIPLOS SEIOS NASAIS"
"UROLOGIA";"73398";"2017-11-08";"";"2017-11-24";"15009145";"44184";"DOENCA DE PEYRONIE";"10009950";"LIBERTACAO DAS CORDAS PENIANAS"
"CIRURGIA GERAL";"176890";"2017-10-24";"";"2017-11-20";"15009073";"44185";"LITIASE DA VESICULA BILIAR, SEM MENCAO DE COLECISTITE, SEM OBSTRUCAO";"15000002";"COLECISTECTOMIA LAPAROSCOPICA"
"CIRURGIA PLASTICA";"243320";"2017-11-15";"";"2017-11-15";"15009020";"44186";"LIPODISTROFIA";"15027844";"OPERACAO PLASTICA PARA REDUCAO DO TAMANHO"
"CIRURGIA PLASTICA";"22063";"2017-11-15";"";"2017-11-15";"15009022";"44187";"SINUSITES CRONICAS SOE";"12004288";"INCISAO DE MULTIPLOS SEIOS NASAIS"
"ORTORRINOLARINGOLOGIA";"227997";"2017-11-15";"";"2017-11-15";"15009024";"44188";"HIPERTROFIA DOS CORNETOS NASAIS";"15012400";"SEPTOPLASTIAS NCOP"
"CIRURGIA VASCULAR";"59952";"2017-11-10";"";"2017-11-16";"15009047";"44189";"VARIZES DAS EXTREMIDADES INFERIORES, SEM ULCERA OU INFLAMACAO";"15005876";"LAQUEACAO E STRIPPING DE VEIAS VARICOSAS DOS MEMBROS INFERIORES"
"OFTALMOLOGIA";"210156";"2017-11-15";"";"2018-01-18";"18000075";"44190";"ESCLEROSE NUCLEAR (CATARATA NUCLEAR)";"14007795";"FACOEMULSIFICACAO E ASPIRACAO DE CATARATA"
"OFTALMOLOGIA";"35611";"2017-11-16";"";"2017-11-16";"15009025";"44191";"CATARATA NAO ESPECIFICADA";"9003132";"FACOEMULSIFICACAO E ASPIRACAO DE CATARATA"
"ORTOPEDIA";"242977";"2017-11-16";"";"2017-11-16";"15009032";"44192";"OSTEOARTROSE LOCALIZADA S/ESPECIFICACAO PRIMARIA/SECUNDARIA NA PERNA";"15027447";"SUBSTITUICAO TOTAL DO JOELHO"
"ORTOPEDIA";"190415";"2017-11-16";"";"2017-11-16";"15009033";"44193";"OSTEOARTROSE LOCALIZADA S/ESPECIFICACAO PRIMARIA/SECUNDARIA NA PERNA";"12001139";"SUBSTITUICAO TOTAL DO JOELHO"
"ORTOPEDIA";"51529";"2017-11-16";"";"2017-11-16";"15009034";"44194";"OSTEOARTROSE LOCALIZADA S/ESPECIFICACAO PRIMARIA/SECUNDARIA NA PERNA";"7006687";"SUBSTITUICAO TOTAL DO JOELHO"
"OFTALMOLOGIA";"132775";"2017-11-16";"";"2017-11-16";"15009035";"44195";"CATARATA NAO ESPECIFICADA";"7008214";"FACOEMULSIFICACAO E ASPIRACAO DE CATARATA"
"OFTALMOLOGIA";"161815";"2017-11-16";"";"2017-11-16";"15009038";"44196";"CATARATA NAO ESPECIFICADA";"11008880";"FACOEMULSIFICACAO E ASPIRACAO DE CATARATA"
"OFTALMOLOGIA";"217042";"2017-11-16";"";"2017-11-23";"15009130";"44197";"MIOPIA";"15000086";"QUERATOMELEUSIS"
"OFTALMOLOGIA";"21319";"2017-11-16";"";"2017-11-23";"15009131";"44198";"MIOPIA";"20000325";"QUERATOMELEUSIS"
"OFTALMOLOGIA";"237963";"2017-11-16";"";"2017-11-23";"15009132";"44199";"MIOPIA";"15024945";"QUERATOMELEUSIS"
"OFTALMOLOGIA";"244614";"2017-11-16";"";"2017-11-16";"15009039";"44200";"PTERIGIO SOE";"15029468";"EXCISOES DE PTERIGION NCOP"
"OFTALMOLOGIA";"234766";"2017-11-16";"";"2017-11-23";"15009133";"44201";"MIOPIA";"15021073";"QUERATOMELEUSIS"
"OFTALMOLOGIA";"139468";"2017-10-03";"";"2017-11-16";"15009043";"44202";"ESCLEROSE NUCLEAR (CATARATA NUCLEAR)";"12008006";"FACOEMULSIFICACAO E ASPIRACAO DE CATARATA"
"OFTALMOLOGIA";"232554";"2017-11-16";"";"2017-11-16";"15009044";"44203";"CATARATA NAO ESPECIFICADA";"15015447";"FACOEMULSIFICACAO E ASPIRACAO DE CATARATA"
"OFTALMOLOGIA";"193207";"2017-11-16";"";"2017-11-16";"15009046";"44204";"CATARATA NAO ESPECIFICADA";"13007458";"FACOEMULSIFICACAO E ASPIRACAO DE CATARATA"
"CIRURGIA PLASTICA";"52568";"2017-11-15";"";"2017-11-21";"15009093";"44205";"CONTRACTURA FASCIA PALMAR (DUPUYTREN)";"7006626";"FASCIECTOMIAS DA MAO NCOP"
"CIRURGIA GERAL";"149986";"2017-11-15";"";"2017-12-12";"15009379";"44206";"HERNIA INGUINAL S/ MENCAO OBSTRUCAO OU GANGRENA, UNILATERAL (S/ESP. RECORRENCIA)";"15025766";"REPARACAO UNILATERAL DE HERNIA INGUINAL COM ENXERTO OU PROTESE"
"ORTOPEDIA";"128916";"2017-11-14";"";"2017-12-11";"15009364";"44207";"SINDROMO DO TUNEL CARPICO";"9000407";"LIBERTACAO DO TUNEL CARPICO"
"UROLOGIA";"91777";"2017-11-14";"";"2017-12-19";"15009498";"44208";"NEOPLASIA DE NATUREZA NAO ESPECIFICADA DA BEXIGA URINARIA";"6005480";"EXCISOES OU DESTRUICOES TRANSURETRAIS DE LESAO OU TECIDO DA BEXI"
"ORTOPEDIA";"3117";"2017-11-14";"";"2017-11-27";"15009173";"44209";"LESAO DO NERVO PLANTAR";"2004988";"EXCISOES OU AVULSOES DE NERVOS CRANIANOS E PERIFERICOS NCOP"
"OFTALMOLOGIA";"194726";"2017-11-16";"";"2017-11-16";"15009048";"44210";"CATARATA NAO ESPECIFICADA";"12006315";"FACOEMULSIFICACAO E ASPIRACAO DE CATARATA"
"OFTALMOLOGIA";"156758";"2017-11-16";"";"2017-11-16";"15009049";"44211";"CATARATA NAO ESPECIFICADA";"15011353";"FACOEMULSIFICACAO E ASPIRACAO DE CATARATA"
"OFTALMOLOGIA";"217708";"2017-11-16";"";"2017-11-16";"15009051";"44212";"CATARATA NAO ESPECIFICADA";"15029298";"FACOEMULSIFICACAO E ASPIRACAO DE CATARATA"
"OFTALMOLOGIA";"198686";"2017-11-16";"";"2017-11-16";"15009052";"44213";"CATARATA NAO ESPECIFICADA";"12008323";"FACOEMULSIFICACAO E ASPIRACAO DE CATARATA"
"OFTALMOLOGIA";"234981";"2017-11-16";"";"2017-11-23";"15009134";"44214";"MIOPIA";"15018570";"QUERATOMELEUSIS"
"OFTALMOLOGIA";"74530";"2017-11-16";"";"2017-11-16";"15009053";"44215";"CATARATA NAO ESPECIFICADA";"4000046";"FACOEMULSIFICACAO E ASPIRACAO DE CATARATA"
"OFTALMOLOGIA";"137871";"2017-11-17";"";"2017-12-14";"15009430";"44216";"ESCLEROSE NUCLEAR (CATARATA NUCLEAR)";"8001940";"FACOEMULSIFICACAO E ASPIRACAO DE CATARATA"
"OFTALMOLOGIA";"152941";"2017-11-17";"";"2017-12-14";"15009431";"44217";"ESCLEROSE NUCLEAR (CATARATA NUCLEAR)";"11011502";"FACOEMULSIFICACAO E ASPIRACAO DE CATARATA"
"ORTOPEDIA";"87385";"2017-11-17";"";"2017-11-17";"15009060";"44218";"DESARRANJO DO MENISCO NCOP";"7004876";"EXCISAO DE CARTILAGEM SEMILUNAR DO JOELHO"
"CIRURGIA GERAL";"108569";"2017-11-18";"";"2017-11-18";"15009061";"44219";"HERNIA INGUINAL S/ MENCAO OBSTRUCAO OU GANGRENA, UNILATERAL (S/ESP. RECORRENCIA)";"6006251";"REPARACAO UNILATERAL DE HERNIA INGUINAL DIRECTA"
"CIRURGIA GERAL";"234646";"2017-11-18";"";"2017-11-18";"15009062";"44220";"LITIASE DA VESICULA BILIAR, SEM MENCAO DE COLECISTITE, SEM OBSTRUCAO";"15018128";"COLECISTECTOMIA LAPAROSCOPICA"
"CIRURGIA GERAL";"242847";"2017-11-18";"";"2017-11-18";"15009063";"44221";"HERNIA INGUINAL S/ MENCAO OBSTRUCAO OU GANGRENA, UNILATERAL (S/ESP. RECORRENCIA)";"15027315";"REPARACAO BILATERAL DE HERNIA INGUINAL DIRECTA"
"CIRURGIA GERAL";"243647";"2017-11-18";"";"2017-11-18";"15009064";"44222";"HEMORROIDAS INTERNAS SEM MENCAO DE COMPLICACAO";"15028252";"EXCISAO DE HEMORROIDES"
"CIRURGIA GERAL";"101767";"2017-11-18";"";"2017-11-18";"15009065";"44223";"FISSURA ANAL";"7003083";"ESFINCTEROTOMIA ANAL ESQUERDA"
"CIRURGIA GERAL";"41970";"2017-11-18";"";"2017-11-18";"15009066";"44224";"HERNIA INGUINAL S/ MENCAO OBSTRUCAO OU GANGRENA, UNILATERAL (S/ESP. RECORRENCIA)";"1002906";"REPARACAO UNILATERAL DE HERNIA INGUINAL DIRECTA"
"CIRURGIA GERAL";"241190";"2017-11-18";"";"2017-11-18";"15009067";"44225";"HERNIA INGUINAL S/ MENCAO OBSTRUCAO OU GANGRENA, UNILATERAL (S/ESP. RECORRENCIA)";"15027190";"REPARACAO UNILATERAL DE HERNIA INGUINAL DIRECTA"
"CIRURGIA GERAL";"69361";"2017-11-18";"";"2017-11-18";"15009068";"44226";"HERNIA INGUINAL S/ MENCAO OBSTRUCAO OU GANGRENA, UNILATERAL (S/ESP. RECORRENCIA)";"14002989";"REPARACAO BILATERAL DE HERNIA INGUINAL DIRECTA"
"CIRURGIA GERAL";"190681";"2017-11-18";"";"2017-11-18";"15009069";"44227";"NEOPLASIA COMPORTAMENTO INCERTO GLAND.ENDOCRINAS NCOP OU NAO ESPEC.";"12002004";"LOBECTOMIA UNILATERAL DA TIROIDE"
"CIRURGIA GERAL";"19731";"2017-11-18";"";"2017-11-18";"15009070";"44228";"HERNIA INGUINAL S/ MENCAO OBSTRUCAO OU GANGRENA, UNILATERAL (S/ESP. RECORRENCIA)";"15025893";"REPARACAO UNILATERAL DE HERNIA INGUINAL DIRECTA"
